{
  "run_metadata": {
    "run_name": "enhanced",
    "timestamp_utc": "2025-12-26T00:34:03.932010",
    "embedding_model": "text-embedding-3-small",
    "top_k": 3,
    "confidence_formula": "0.7*similarity + 0.3*margin",
    "notes": "Evaluation on enhanced multilingual FAQ augmentation"
  },
  "num_queries": 32,
  "top1_accuracy": 0.90625,
  "top3_accuracy": 1.0,
  "accuracy_by_language": {
    "top1_correct": {
      "en": 0.95,
      "mk": 0.8333333333333334
    },
    "top3_correct": {
      "en": 1.0,
      "mk": 1.0
    }
  },
  "confidence_stats": {
    "correct": {
      "count": 29.0,
      "mean": 0.6962068965517241,
      "std": 0.13839471999381872,
      "min": 0.413,
      "25%": 0.633,
      "50%": 0.683,
      "75%": 0.767,
      "max": 1.0
    },
    "incorrect": {
      "count": 3.0,
      "mean": 0.5836666666666667,
      "std": 0.3748337409216696,
      "min": 0.151,
      "25%": 0.47050000000000003,
      "50%": 0.79,
      "75%": 0.8,
      "max": 0.81
    }
  }
}